<?xml version="1.0" encoding="UTF-8"?>
<!DOCTYPE sqlMap
	PUBLIC "-//ibatis.apache.org//DTD SQL Map 2.0//EN"
	"http://ibatis.apache.org/dtd/sql-map-2.dtd">

<sqlMap namespace = "mymember">
	<typeAlias alias="memVo" type="kr.or.ddit.vo.MemberVO"/>
	
	<insert id = "insertMember" parameterClass = "memVo">
		insert into mymember(mem_id, mem_name, mem_tel, mem_addr)
		 values(#mem_id#, #mem_name#, #mem_tel#, #mem_addr#)
	</insert>
	
	<delete id = "deleteMember" parameterClass = "String">
		delete from mymember where mem_id = #mem_id#
	</delete>
	
	<update id = "updateMember" parameterClass = "memVo">
		update mymember set mem_name = #mem_name#,
		mem_tel = #mem_tel#, mem_addr = #mem_addr#
		where mem_id = #mem_id#
	</update>
	
	<select id = "getAllMember" resultClass = "memVo">
		select * from mymember
	</select>
	
	<select id = "getMemberCount" parameterClass = "String" resultClass = "Integer">
		select count(*) as cnt from mymember where mem_id = #mem_id#
	</select>
	
	<!--  
		Map객체를파라미터로 받아서 처리할 때 '변수명' 역할은 Map의 'key값'으로 한다.
		만약 update mymember set #field# = #data# where mem_id = #mem_id#라고 하면
		update mymember set 'mem_addr' = '변경할값' where mem_id = 'a001' 이렇게 된다.
		컬럼명이 되려면 ''안 붙어야 함 > 그럼 어떻게 처리를 하느냐?
		##을 붙이면 자료형에 따라서 알아서 붙이니까 $$를 양쪽에 붙인다.
		
		파라미터로 가져온 값을 '컬럼명'등의 자리에서 사용할 때에는 달러($)기호를 사용해서 나타낸다.
		예) $변수명$ 또는 $key값$
		 > $가 붙은 것들은 문자열이라고 하더라도 양쪽에 ''를 붙이지 않는다.
	-->
	<update id = "updateMember2" parameterClass = "java.util.Map">
		update mymember set $field$ = #data#
		where mem_id = #memid#
	</update>
	
	<select id="getMember" parameterClass="string" resultClass="memVo">
		select * from mymember where mem_id = #mem_id#
	</select>
	
</sqlMap>



