<?xml version="1.0" encoding="UTF-8"?>
<!DOCTYPE sqlMapConfig
	PUBLIC "-//ibatis.apache.org//DTD SQL Map Config 2.0//EN"
	"http://ibatis.apache.org/dtd/sql-map-config-2.dtd">
<!--
	 xml문서는 html문서와 주석처리가 동일함
	 이 문서는 ibatis의 환경 설정 파일입니다.
 -->
 <sqlMapConfig>
	<!-- 
		DB와 연결하는 정보를 properties파일에 설정해 놓고 이 properties파일의 내용을 읽어 올 수 있도록 설정한다.
	 -->
	<properties resource="dbinfo.properties"/>
	 
	<!-- 각각의 sqlMap파일의 네임스페이스와 id속성값을 연결해서 실행할 쿼리문을 선택한다.
		 만약 이 옵션 안 주면 id속성값만으로 찾음 > 근데 중복되면 오류 뜸
		 네임스페이스가 package역할을 한다고 보면 됨
	 -->
	 <settings useStatementNamespaces="true"/>	<!-- 이걸 true로 해놓으면 namespace와 id를 연결해줌 -->
	 <!-- 만약 이게 false이면 찾을 때 namespace앞에 안 쓰고 그냥 id속성값만 넣어서 찾음
	 	   근데 파일이 많으면 id가 중복되는 경우가 많음 > 그래서 보통 namespace앞에 써줌 -->
	 
	 <!-- 쿼리문에 사용할 VO객체는 사용하려면 패키지 이름을 포함한 전체 이름을 기술해야 하는데
	 	  그렇게 되면 문장이 너무 길어질 수 있다.
	 	  그래서 전체 이름을 대신할 alias를 설정할 수 있다.
	 	  
	 	  형식 : <typeAlias alias = "alias명" type = "클래스의 전체이름"/>
	  --> 
	  
	 <!--  <typeAlias alias = "LprodVo" type = "kr.or.ddit.basic.LprodVO"></typeAlias> -->
	  
	 <!-- DB와의 연결을 처리하는 부분 -->
	 <transactionManager type="JDBC">
	 	<dataSource type="SIMPLE">
	 		<property name="JDBC.Driver" value="${driver}"/>
	 		<property name="JDBC.ConnectionURL" value="${url}"/>
	 		<property name="JDBC.Username" value="${user}"/>
	 		<property name="JDBC.Password" value="${pass}"/>
	 	</dataSource>
	 </transactionManager>
	 
	 <!--
	 	 실행할 SQL문은 xml문서로 따로 작성한 후 그 xml문서를 아래와 같이 등록한다.
	 	 형식 : <sqlMap resource = "경로명/파일명.xml"/>
	  -->
	 <sqlMap resource = "kr/or/ddit/mapper/mymember.xml"/>
	
 </sqlMapConfig>